"categoryName","website","title","emails","phones","address","reviewsCount","placeId"
"Contratista de aire acondicionado","https://www.climelectric.com/","Climelectric Aire acondicionado Valencia",,,"Av. de la Plata, 43, Bajo, Quatre Carreres, 46013 València, Valencia, España","596","ChIJa4nMQMxIYA0RnSMc7MtDSQk"
"Empresa de climatización","http://www.climalem.es/","Climalem",,,"plaza peatonal (Atencion al público con cita previa, Carrer de Salabert, 34, Patraix, 46018 València, Valencia, España","52","ChIJszyBuxRPYA0R1rLkONcTn_8"
"Empresa de climatización",,"Integral del Clima SL",,,"C/ de Montitxelvo, 24, Quatre Carreres, 46006 València, Valencia, España","19","ChIJQ5Wgmc9IYA0RjxwVtEiSKIE"
"Empresa de climatización","https://www.climavita.es/","CLIMAVITA - Soluciones de climatización",,,"Extramurs, 46001 València, Valencia, España","27","ChIJOUk56alPYA0R6DGSoCR0cfk"
"Servicio de reparación de aire acondicionado","https://aireclim.com/","Aire Clim",,,"C. de Bèrnia, 13, Quatre Carreres, 46013 València, Valencia, España","186","ChIJBwUGiDxPYA0RF6IjtX2hqs8"
"Servicio de reparación de aire acondicionado","https://www.grupoaplus.es/aire-acondicionado/aire-acondicionado-en-valencia/","Grupo Aplus",,,"Carrer de Martínez Aloy, 11, Extramurs, 46007 València, Valencia, España","507","ChIJnwkd9u9FYA0RDeeKNWA2-qk"
"Servicio de reparación de aire acondicionado",,"Fontanero ciudad vella valencia 24H",,,"Carrer de Ciscar, L'Eixample, 46005 València, Valencia, España","53","ChIJqcWk8vtJYA0RncT9BzBZbC4"
"Servicio de reparación de aire acondicionado","http://www.climasolution.net/","Clima Solution",,,"Gran Via del Marqués del Túria, 49-1-1, Ensanche, 46005 València, Valencia, España","140","ChIJxzCtqVBJYA0RVgIA52CDJQA"
"Servicio de reparación de aire acondicionado","http://www.midasatclima.com/","Midasat Clima.",,,"Carrer de Molina del Palau, 26, bajo, Quatre Carreres, 46013 València, Valencia, España","55","ChIJHT6cztNIYA0RHes0wxsR-zE"
"Tienda de productos para mascotas","https://tiendas.kiwoko.com/comunidad-valenciana/valencia/masalfasar/kiwoko-valencia-el-manar-71?utm_medium=maps&utm_source=google","Kiwoko. Mundo Animal",,,"El Manar, Carretera Cv-32 s/n P.C, Local 3, 46560 Massalfassar, Valencia, España","1824","ChIJzWwTMllHYA0RYIzJ23nZ1xE"
"Contratista de aire acondicionado",,"Climatizacion Proair S.L.",,,"Camí Barranquet, 23, BAJO, 46133 Meliana, Valencia, España","3","ChIJWwtYWllGYA0RTshylV7melo"
"Contratista de aire acondicionado","http://www.mairoclimatizacion.com/","Mairo Valenciana de Climatización",,,"Carrer de l'Escultor Garcia Mas, 8, bajo, Campanar, 46015 València, Valencia, España","109","ChIJ280oc2JPYA0RKh072vVyBBA"
"Servicio de reparación de aire acondicionado","http://www.layre.es/","Layre",,,"Carrer de Motilla del Palancar, 4, bajo, Rascaña, 46019 València, Valencia, España","212","ChIJvUdG3ANGYA0R6hVoYsLIKRE"
"Empresa de climatización","https://repuestosaireacondicionado.es/","REPUESTOS AIRE ACONDICIONADO",,,,"46","ChIJk90k3wwI0AER8qgUIkaFI6A"
"Empresa de climatización",,"CLIMA SOLUCIONES 24 HORAS",,,"C/ d'en Borràs, 20, Ciutat Vella, 46003 València, Valencia, España","8","ChIJ9wjdnqJPYA0Ryxv5XIn9mtU"
"Empresa de climatización","https://www.aeroclimapro.es/","AEROTERMIA y PLACAS SOLARES Flavio Severini",,,"C/ del Pare Tena, 3, La Saïdia, 46009 València, Valencia, España","194","ChIJF-IhIv5JYA0RAVNTJTiQno4"
"Empresa de climatización","https://valenciaaerotermia.es/","AV Aerotermia Valencia | Instaladores",,,"Carrer dels Drets, 5, Ciutat Vella, 46001 València, Valencia, España","3","ChIJxYugYcBPYA0R5IlORvnxhAA"
"Contratista de aire acondicionado","https://refrivalencia.com/","RefriValencia",,,"Carrer d'Emili Baró, 45, Bajo izquierdo, Benimaclet, 46020 València, Valencia, España","46","ChIJtxvGx0BHYA0RnEjmxqQG-G0"
"Servicio de reparación de aire acondicionado","https://sites.google.com/view/artic-tech-solutions/p%C3%A1gina-principal","ArticTech Soluciones",,,"C. de Carolina Álvarez, 24, Piso 3, Camins al Grau, 46023 València, Valencia, España","14","ChIJtxF-uHlJYA0RgA9Pz7Z9KHc"
"Servicio de reparación de aire acondicionado","http://www.serviciotecnicodevalencia.es/","Climelgas Servicio Técnico de Valencia",,,"C/ de Molinell, 16, Bajo Izquierdo, La Zaidía, 46010 València, Valencia, España","95","ChIJGe-hBahIYA0RkbC7QkXPpRI"
"Servicio de reparación de aire acondicionado","https://serviciotecnico-aplus.com/","stA+ Servicio Técnico de Electrodomésticos y Aire Acondicionado",,,"Carrer de Santa Cruz de la Zarza, Algirós, 46021 València, Valencia, España","124","ChIJAbrxJCmkrUARRKDgKUGJuSg"
"Servicio de reparación de aire acondicionado","https://www.tuserviciotecnico.net/","Tu Servicio Técnico",,,"Gran Via del Marqués del Túria, 49, 1º-1ª, Ensanche, 46005 València, Valencia, España","56","ChIJr9mc7Kj3n4URn1EdzIbrNEs"
"Empresa de climatización","https://climafont-foundation.lovable.app/","Climafont",,,"Av. de Blasco Ibáñez, 102, Algirós, 46021 València, Valencia, España","3","ChIJef9l2vVJYA0RaeAlyMmumpY"
"Empresa de climatización",,"Julian climatizacion",,,"C/ de Bailèn, 22, Extramurs, 46007 València, Valencia, España","9","ChIJJYat1eOZ10gRXEWr9ZzAhtU"
"Contratista de aire acondicionado","http://www.frigusair.com/","Frigus Air S L",,,"Cami Cases de Barcena, 43, 46131 Les Cases de Bàrcena, Valencia, España","7","ChIJSy79M_tFYA0RqXEyogoDARo"
"Servicio de reparación de aire acondicionado","http://estracfrigus.es/","Estracfrigus S L",,,"Cami Cases de Barcena, 43, 46131 Les Cases de Bàrcena, Valencia, España","52","ChIJEb4rKPtFYA0RWXg2-J-WYUU"
"Contratista de aire acondicionado",,"PILSAR CLIMATIZACIÓN, S.L.",,,"Carrer d'Aiora, 30, bj, Patraix, 46018 València, Valencia, España","20","ChIJLZ-8QkBPYA0R-gHGVNnMDI8"
"Empresa de climatización","http://www.climargas.es/","Climargas",,,"Carrer d'Anna, 9, BAJO, Rascaña, 46019 València, Valencia, España","125","ChIJz1pc4QdGYA0RAMMq90OL-_w"
"Empresa de climatización","https://sites.google.com/view/elclima-expertos-climatizacion","El Clima | Expertos en Climatización",,,"Av. del Dr. Peset Aleixandre, 71, Puerta 11, La Zaidía, 46009 València, Valencia, España","14","ChIJvWe7X_pFYA0RK_jg1n0Y-B8"
"Empresa de climatización","https://electroclimavalencia.es/","ElectroClima Valencia",,,"Carrer de Borrull, 4, Extramurs, 46008 València, Valencia, España","120","ChIJ_7KNtbhPYA0RG6VnQJI7MHE"
"Asociación u organización",,"Asociación Valenciana de Instaladores y Mantenedores de Climatización y Frio",,,"Av. de Blasco Ibáñez, 127, Algirós, 46022 València, España","2","ChIJUfuc2I5IYA0RudIfLipFKhc"
"Servicio de reparación de aire acondicionado","https://www.davofrio.com/valencia/","Reparacion de Aire Acondicionado Valencia-DAVOFRIO",,,"Av. de les Corts Valencianes, 58, Pobles de l'Oest, 46035 València, Valencia, España","45","ChIJIxLGCzFFYA0R-X4-ZJJdQMU"
"Servicio de reparación de aire acondicionado","https://www.serviciotecnicosvalencia.com/","Servicio Tecnicos Valencia",,,,"1","ChIJxRLNFHPProcRRb8tuy9e7eU"
"Empresa de climatización","https://climatron.net/","Climatron - Aire Acondicionado Valencia",,,"Carrer de Ciscar, 16, L'Eixample, 46005 València, Valencia, España","41","ChIJs5l6CEBJYA0Rmf14KFcxgb4"
"Servicio de reparación de electrodomésticos",,"SC ELEKTRONIK",,,,,"ChIJ74Yo4doD0aoRDvUYfLXUYMg"
"Tienda aire acondicionado",,"Energía Martín, S.L.",,,"C. de Joaquim Ballester, 5, Campanar, 46009 València, Valencia, España","122","ChIJ9-QbaVhPYA0Rm6ZSCLc_xT8"
"Contratista de aire acondicionado",,"Aires Shalom",,,"C/ d'Hipòlit Rovira, 12, Campanar, 46009 València, Valencia, España",,"ChIJ57m4mNFFYA0RTKNfD3RvJjU"
"Contratista de aire acondicionado",,"Grupo Koal",,,"Av.de la Malva-Rosa, 112, Poblats Marítims, 46011 València, Valencia, España","105","ChIJX8V8iyhJYA0RuPAhRRB7_Fo"
"Contratista de aire acondicionado","https://hvacspareparts.com/es","AACORE supply - Cámaras de Refrigeración y Equipos de Frío",,,"C/ de Vinaròs, 24, bajo local, Rascaña, 46020 València, Valencia, España","61","ChIJk7jUeBFPYA0REadf2RTQlOE"
"Empresa de climatización","https://www.ecoclimanova.com/","Ecoclimanova",,,,"20","ChIJYVB4CPV1FWcRSYfqzbBsH1s"
"Contratista de aire acondicionado",,"Grados Ingeniería y Climatización",,,"Bajo, Carrer del Poeta Altet, 3, Benimaclet, 46020 València, Valencia, España","24","ChIJu4_NlWNIYA0RbdhQwAQhUbw"
"Contratista de aire acondicionado","http://www.novofrio.com/","Novofrio SL",,,"C. del Palleter, 89, Extramurs, 46008 València, Valencia, España","11","ChIJcTR5t0RPYA0RydISRk7r770"
"Empresa de climatización","https://www.comont.es/","Comont Climatización",,,"C/ de Gayano Lluch, 29, Rascanya, 46025 València, Valencia, España","8","ChIJ48KiqvpFYA0RLPAGlB3JMPU"
"Empresa de climatización","http://www.rolafri.com/","ROLAFRI S.L.",,,"C/ de Màlaga, 13, La Saïdia, 46009 València, Valencia, España","13","ChIJGQklDFZPYA0RwTnZudwXXJw"
"Empresa de climatización",,"Temperia",,,"C/ de Masquefa, 68, Pta 1, Benimaclet, 46020 València, Valencia, España","9","ChIJZYcd5BhGYA0Rf2V4fwwEr5Y"
"Contratista de aire acondicionado","https://www.cerveraclima.com/","Rafael Cervera Climatización",,,"Pl. del Poeta Salvador Rueda, 6, Campanar, 46009 València, Valencia, España","3","ChIJAf6MJYJFYA0R_iFOdGLFHEI"
"Servicio de reparación de aire acondicionado",,"electroclima",,,"Carrer de Sant Vicent de Paül, 20, Rascanya, 46019 València, Valencia, España","3","ChIJvQXkDgRGYA0RPzo58FHwbGA"
"Contratista de aire acondicionado","http://www.airtec-ins.com/","Airtec",,,"Carrer de Marcel·lí Giner, 23, Benimaclet, 46020 València, Valencia, España","2","ChIJTZmo_59IYA0Ra4xJF3YMr7E"
"Empresa de climatización","https://clicreparacion.com/valencia/","Clic Reparación",,,"Carrer d'Azcárraga, 24, Extramurs, 46008 València, Valencia, España","6","ChIJ4xaKV3ZPYA0RK0VJz20c51w"
"Servicio de reparación de aire acondicionado","https://tecnicosvalencia.es/","Técnicos Fernando Valencia",,,"C/ del Riu Nervión, 19, Benicalap, 46025 València, Valencia, España","123","ChIJm3_VRABFYA0RheCrqCVii9w"
"Tienda aire acondicionado",,"Forza Val",,,"C/ del Pintor Matarana, 23, bajo, Benicalap, 46025 València, Valencia, España","7","ChIJCzyt9vJFYA0RSdF-cVvp6KE"
"Contratista de aire acondicionado","http://valfrica.es/","Valenciana De Frío Y Calor",,,"C/ del Clariano, 44, Algirós, 46021 València, Valencia, España","10","ChIJ5-sx1ZtIYA0RZxGzFObeWEE"
"Tienda aire acondicionado",,"Calle del Gigante servicio de acondicionamiento",,,"C/ del Gegant, 15, Ciutat Vella, 46001 València, Valencia, España",,"ChIJCahyVQBPYA0RcmnpMV2PcBQ"
"Contratista de aire acondicionado","https://www.viventia.eu/","Viventia | Servicios Integrales",,,"C/ del Marqués de Montortal, 77, Rascanya, 46019 València, Valencia, España","90","ChIJx1R5M_1FYA0R42yLG-iXtgY"
"Empresa de climatización",,"AIREON VENTA E INSTALACIONES SL",,,"Av. del Primat Reig, 129, Pta D, Benimaclet, 46020 València, Valencia, España",,"ChIJAf4YL0RJYA0RXAcOMVYQ0lk"
"Contratista de aire acondicionado","http://www.fricli.es/","Fricli S L",,,"Avinguda de la Constitució, 12, La Saïdia, 46009 València, Valencia, España","1","ChIJP0aW61VPYA0R19pQ7z18pRs"
"Servicio de reparación de aire acondicionado","https://tecnicoaireacondicionadovalencia.es/","Aire Acondicionado Proman",,,"C. Pintor Benedito, 11, Extramurs, 46007 València, Valencia, España","6","ChIJvfucBy_YK28RvMqGGiXXkjs"
"Oficinas de empresa","https://solclime.net/","SOLCLIME | Soluciones de Climatización y Energía",,,"Carrer del Poeta Monmeneu, 12, La Saïdia, 46009 València, Valencia, España",,"ChIJF1IsY_NPYA0RjIdkr6HOqBQ"
"Contratista de aire acondicionado",,"Climatización Boils S L",,,"C/ de Reus, 16, La Saïdia, 46009 València, Valencia, España","6","ChIJu5-141dPYA0RT2O9A_cMAvw"
"Empresa de climatización","https://www.grupoavalco.com/termat/","Calefacción, Climatización y Energía Solar • Termat",,,"Edificio Trade Center, Carrer del Professor Beltrán Báguena, 4, Ofi 207, Campanar, 46009 València, Valencia, España","3","ChIJi_5UiU5PYA0RouALTDK4IXw"
"Contratista","http://www.iberairvalencia.com/contacto/","Iberair Valencia",,,"C/ Farmacèutic, C. Rafael Company, 10, Benicalap, 46025 València, Valencia, España","14","ChIJ-cuiS5xPYA0RpdsY6DKALDg"
"Instalador de gas",,"INSTALACIONES Y MANTENIMIENTOS TERVAL SL",,,"C/ de Sant Roc, 48, Benicalap, 46015 València, Valencia, España","11","ChIJkSpGPglFYA0R7zJqh0K74IM"
"Empresa de climatización","https://es.wallapop.com/app/catalog/published","Climacoold Aire acondicionado",,,"Pl. de Joan de Vila-rasa, 46001, Extramurs, 46001 València, Valencia, España","1","ChIJZeEbgmtPYA0RyXMEn8BAjl4"
"Empresa de climatización","http://www.optimair.es/","Optimair S L",,,"Plaça del Diputat Lluís Lucía, 17, Campanar, 46015 València, Valencia, España","12","ChIJHwGdOGdPYA0RIL1wE4Q2yhQ"
"Empresa de climatización",,"Electricidad Climastar, S.L.",,,"C. dels Plàtans, 5, Benicalap, 46025 València, Valencia, España","2","ChIJzXG8BvRFYA0RJnxhwXfMmPk"
"Contratista de aire acondicionado",,"AC Climatización Fundada 2005 SL",,,"C. Emili Camps I Gallego, 5, Benicalap, 46025 València, Valencia, España",,"ChIJN71KBpNFYA0Rw_M5OQ7arpY"
"Empresa de climatización",,"IDC ENERGIA",,,"C/ del Pare Palau i Quer, 26, La Saïdia, 46009 València, Valencia, España","10","ChIJ9SBgFTxFYA0RY40mUSOv8PI"
"Empresa de climatización","https://www.ilichclima.com/","Técnico frigorista y climatizacion A.I.A.",,,"C. del Picaio, 4, Benicalap, 46025 València, Valencia, España",,"ChIJgTP3flpFYA0RwZ2b_1VGBqo"
"Contratista de aire acondicionado","http://www.termicavalenciana.es/","Térmica Valenciana",,,"Carrer del Poeta Monmeneu, 12, La Saïdia, 46009 València, Valencia, España","2","ChIJwQmV5lRPYA0R9Bph_Gmk0TM"
"Contratista de aire acondicionado","http://www.pertegas.com/","Pertegás Ventilación",,,"Carrer de la Murta, 26, bajo, Benimaclet, 46020 València, Valencia, España","11","ChIJtfIDAKBIYA0RxmpAHwCQGKY"
"Contratista de aire acondicionado",,"Condairval",,,"C. de Marie Curie (Científica), 6, La Saïdia, 46009 València, Valencia, España",,"ChIJ5aG8gP5FYA0RWueqC6TPmsM"
"Contratista de aire acondicionado","http://www.topclima.com/","Topclima, S.L.",,,"Carrer de Daniel Balaciart, 6, Benimaclet, 46020 València, Valencia, España","3","ChIJ5eYFrphIYA0R0cFfEZLhFKc"
"Taller de reparación de automóviles",,"Electro Aire SL",,,"Av. de Burjassot, 105, Benicalap, 46035 València, Valencia, España","33","ChIJS4TePl5FYA0RH4Lb-VwV-vY"
"Tienda aire acondicionado",,"SEI Energía",,,"Carrer de Soledad Doménech, 18, Benimaclet, 46020 València, Valencia, España","5","ChIJq-wo3YdJYA0RI2aelhfma5w"
"Contratista de aire acondicionado",,"José Manuel Adrián Benavides",,,"Carrer del Metge Ramón Tarazona, 3, Campanar, 46015 València, Valencia, España",,"ChIJO1DmXWJPYA0Rk8D73ypfAW0"
,,"ELECTRICIDAD Y AIRE ACONDICIONADO ELECTROSERGAR",,,"C/ de la Serra d'Agullent, 3, Benicalap, 46015 València, Valencia, España",,"ChIJ_1MMoo1FYA0Rkc768E7L0Dg"
"Empresa de climatización",,"Taller",,,"Carrer de Conchita Piquer, 7, Campanar, 46035 València, Valencia, España","20","ChIJ301EbfVFYA0RFHyQmx9XxMY"
"Alquiler de vacaciones","https://www.holidu.de/d/56542435?ref_source=google_vr&utm_source=google_vr_eb","Apartamento estudio 'Estudio 4 Centro Histrico Valencia' con jardín privado y aire acondicionado",,,"Ciutat Vella, 46003 Valencia, España","13","ChIJgYAJW1FPYA0RXRgCYFoTfLE"
"Departamento","https://www.holidu.de/d/46740070?ref_source=google_vr&utm_source=google_vr_holidu","Apartamento Valencia-living con balcón, aire acondicionado y Wi-Fi",,,"El Llano del Real, 46021 Valencia, España","95","ChIJWcy-eJdIYA0RUhDWLHYxrvU"
"Empresa de climatización","https://reparacioncalderasvalencia.eu/","Reparacion Calderas Valencia",,,"C/ de Pere Cabanes, 83, Rascanya, 46019 València, Valencia, España","4","ChIJvUf1N2BFYA0RnS3C1d1SJjc"
"Empresa de climatización",,"Lumar Electrotecnia",,,"Carrer 9 d'Octubre, 8, 46016 Tavernes Blanques, Valencia, España","1","ChIJOYPtoRJGYA0RNCXyBrH1zis"
"Empresa de climatización",,"Prodetecno Ingeniería Energética, SL",,,"C/ de Cora Raga, 12, bajo, Benicalap, 46025 València, Valencia, España","4","ChIJQeTTWI1FYA0R3SYdDn52ScY"
"Empresa de climatización","http://www.baxi.es/","BAXI - Delegación comercial Sur",,,"Carrer del Professor Beltrán Báguena, 5, Campanar, 46009 València, Valencia, España","11","ChIJzW8i8VtPYA0REK3GcCdEwUc"
"Electricista","https://instalacionesgaujot.es/","Instalaciones Gaujot, S.L.",,,"Carrer d'Almiserà, 5, Benicalap, 46025 València, Valencia, España","3","ChIJhaQ-OvNFYA0R0hlqbqfj7kI"
"Empresa de climatización","https://isertek.es/","ISERTEK SOLUTIONS S.L.",,,"Carrer de Juan Castelló, 2, Bj - Izq, La Zaidía, 46009 València, Valencia, España","3","ChIJRXaiW-RFYA0RQRGLoXfcn_0"
"Empresa de climatización","http://sites.google.com/view/climaoasis/inicio?authuser=1","Clima Oasis",,,"C/ de Miguel Servet, 7, Benicalap, 46015 València, Valencia, España","7","ChIJ5fdGqpxFYA0RjWJOGYqGnoQ"
"Empresa de climatización","https://cointravalencia.com/","SERVICIO TECNICO OFICIAL FERROLI - COINTRA",,,"Av. General Aviles, 23, Campanar, 46015 València, Valencia, España","75","ChIJD15hSPVFYA0RLnVXHooIF3A"
"Empresa de climatización",,"Airestar Valencia",,,"C/ del Lugre, La Saïdia, 46009 València, Valencia, España",,"ChIJP-XYXcdFYA0Rz9hc1nq07xw"
"Empresa de suministros industriales",,"Reparadores de Maquinaria Hostelería",,,"C/ de José Grollo, 13, BAJO, Benicalap, 46025 València, Valencia, España","8","ChIJGyPqJ9ZFYA0R7OcgUAKskNE"
"Servicio de reparación de electrodomésticos",,"Técnico Lavadoras Valencia Haier Hisense Beko",,,"C/ de Barraix, Benicalap, 46015 València, Valencia, España","11","ChIJS63TNv5FYA0RRBybl06l59g"
"Taller mecánico",,"Taller mecanico 24 horas S.N",,,"C. de Carles Cortina, 23, Benicalap, 46025 València, Valencia, España","309","ChIJExlZsANFYA0RPtFPtK1v3Co"
"Servicio de reparación de televisores","https://www.sattecnisan.es//","Tecnisan",,,"Camí de Montcada, 90, Rascanya, 46019 València, Valencia, España","166","ChIJfTe-ZftFYA0R5G5r0lgnbJs"
"Empresa de calefacción","http://www.instalacionesnavarrohnos.es/","Instalaciones Navarro Hermanos S.L.",,,"Carrer de Peníscola, 25, bajo derecha, Rascaña, 46019 València, Valencia, España","51","ChIJ_3S8-wNGYA0R4zX6lFo0n-A"
"Servicio de reparación de aire acondicionado",,"Levantina de Suministros Frigoríficos S.A.L.",,,"C. Arzobispo Fabian i Fuero, 13, La Zaidía, 46009 València, Valencia, España","23","ChIJ-eQ4Q1ZPYA0RFSDTZCH5yls"
"Fontanero","http://www.frigols.com/","Frigols Mantenimiento",,,"Av. de Valladolid, 42, Benimaclet, 46020 València, Valencia, España","6","ChIJMZTqDoNHYA0R0DxAuAgkO60"
"Servicio de reparación de aire acondicionado",,"Servicio Técnico Mitsubishi Electric Daykin",,,"Pl. de la Legió Espanyola, 11, El Pla del Real, 46010 València, Valencia, España","3","ChIJAcVtd69IYA0Rclax7atucMs"
"Contratista de aire acondicionado",,"J.Gramuntell S.L.",,,"Carrer d'Agullent, 9, Benicalap, 46025 València, Valencia, España","8","ChIJdz0M7PNFYA0Rk9OC_gEJZyw"
"Tienda de calderas","http://www.sumartvalencia.com/","SUMART - Calderas, calentadores y aire acondicionado. Instalación incluida",,,"C/ de Guillem de Castro, 113, bajo izquierda , Extramurs, Extramurs, 46008 València, Valencia, España","35","ChIJnZUd9U9PYA0RI1D0gVAM7Zc"
"Departamento","https://br.bluepillow.com/search/65cb85ce3e6d928972f90695?dest=bpex&cat=Apartment&lat=39.47402&lng=-0.37498&language=pt","ApartUP Reina Deluxe. WiFi y Aire acondicionado",,,"Ciutat Vella, 46003 Valencia, España","3","ChIJi2j_NE1PYA0R1k520CyJ4lE"
"Departamento","https://www.holidu.de/d/51085327?ref_source=google_vr&utm_source=google_vr_holidu","Estudio 'Mendoza' con balcón, Wi-Fi y aire acondicionado",,,"Ciutat Vella, 46001 Valencia, España","19","ChIJ4az2ZVJPYA0RU3_ovea9-Ac"
"Tienda aire acondicionado","https://www.euronics.es/tiendas/euronics-bazar-valencia.html?utm_source=G&utm_medium=&utm_campaign=google-local","Euronics Bazar Valencia",,,"Av. del Primat Reig, 26, La Saïdia, 46009 València, Valencia, España","147","ChIJvfIUZAFGYA0RmryRI3iA2fU"
"Empresa de suministros industriales","https://www.romedtec.com/","Romedtec",,,"Avinguda de la Constitució, 216, Rascanya, 46019 València, Valencia, España",,"ChIJVfIMkNhHYA0RDHPjTohBJNY"
"Contratista de aire acondicionado",,"Valfrimatic S.C",,,"C. del N, 24, Extramurs, 46008 València, Valencia, España","2","ChIJqaBFJ11PYA0RXd0SBVzbBfk"
"Tienda aire acondicionado","https://www.milar.es/tiendas/milar-ramon-llosa.html?utm_source=G&utm_medium=&utm_campaign=google-local","Milar Ramón Llosá",,,"Av. de Blasco Ibáñez, 31, El Pla del Real, 46010 València, Valencia, España","147","ChIJJdBdPeVJYA0Rmd3rlMkN1l8"
"Tienda aire acondicionado","https://www.euronics.es/tiendas/euronics-calle-alboraya.html?utm_source=G&utm_medium=&utm_campaign=google-local","Euronics Calle Alboraya",,,"C/ d'Alboraia, 31, La Saïdia, 46010 València, Valencia, España","238","ChIJvUA0SHlJYA0Ra6NebaMgWJo"
"Contratista de aire acondicionado","http://nariaforum.es/","Naria Forum",,,"Carrer de Gil Roger, 6, Campanar, 46009 València, Valencia, España","3","ChIJGcw08fVFYA0R8IJeG0IX3OE"
"Fontanero",,"Fontanería Antonio Cerdán",,,"Carrer de Leandro de Saralegui, 9, Algirós, 46021 València, Valencia, España","153","ChIJF5nOUd9PYA0R2XtznE0MA0Y"
"Servicio de reparación de electrodomésticos","https://www.serviciojunkers.es/","SERVICIO JUNKERS VALENCIA",,,"Passatge Dr. Bartual Moret, 6, El Pla del Real, 46010 València, Valencia, España","47","ChIJuwQ_hKJIYA0RtxPjRLviEG8"
"Fontanero",,"Fonclima Martinez S.L.",,,"D'Enric Navarro, 38, Benimaclet, 46020 València, Valencia, España","9","ChIJFcWDlgRJYA0RIU0-kobp318"
"Proveedor de repuestos de electrodomésticos","https://www.remle.com/es/","REMLE",,,"C/ d'Alboraia, 69, Benimaclet, 46010 València, Valencia, España","199","ChIJ6zS8s5ZIYA0RE2uWwC1uwPM"
"Servicio de reparación de aire acondicionado","http://www.carbealinstalaciones.es/","Carbeal",,,"C/ de Fra Pere Vives, 25, La Saïdia, 46009 València, Valencia, España","6","ChIJU65RMQBGYA0RPvbeifGYJZk"
"Taller de reparación de automóviles","https://ferriemocion.com/","Ferriemoción: Taller Mecánico en Valencia",,,"C/ de Dolores Marqués, 40, 42, Benimaclet, 46020 València, Valencia, España","584","ChIJXdeSqh5GYA0RmIvx0PuEKLU"
"Taller de automóviles",,"Talleres Soriano",,,"C/ del Pare Damià, 6, La Saïdia, 46009 València, Valencia, España","222","ChIJM_aPZPdFYA0RP7QQ_cAjQDk"
"Taller de reparación de automóviles","https://tallermecanicopascualglover.com/","Taller mecánico en Valencia | Pascual Glover S.C.",,,"Carrer dels Poetes Anònims, 2, Benimaclet, 46020 València, Valencia, España","157","ChIJ9dTVf6BHYA0RZQTElyp-gTk"
"Taller de reparación de automóviles",,"Talleres cheema",,,"C/ del Riu Tajo, 26, Poblats Marítims, 46011 València, Valencia, España","5","ChIJg8eyRwBJYA0Ralq5EAch7hw"
"Taller de reparación de automóviles","http://www.sonivac.com/","Sonivac S.L.u",,,"Av. del Primat Reig, 43, Rascanya, 46019 València, Valencia, España","208","ChIJgch4aAFGYA0RT10W0YY3A7E"
"Taller de reparación de automóviles","https://care.grupauto.es/care-center-talleres-ferrer","Talleres Ferrer",,,"C/ de Lepant, 22, Extramurs, 46008 València, Valencia, España","63","ChIJDz-aSd5PYA0RpbTuq04K_VA"
"Taller de reparación de automóviles","https://www.feuvert.es/","Feu Vert",,,"Av. de Manuel de Falla, 13, C.C. Carrefour, Campanar, 46015 València, Valencia, España","1364","ChIJ_WBTcXBPYA0RvenmkOV0EWQ"
"Taller de reparación de automóviles",,"Avtoservice Malvarrosa",,,"Av.de la Malva-Rosa, 117, Poblats Marítims, 46011 València, Valencia, España","64","ChIJL9Jc7TlJYA0RUAsCosZS2Mk"
"Taller de reparación de automóviles","http://www.talleresraf.com/","RAF ️ Taller Excelente PLANCHA • PINTURA • MECÁNICA",,,"Av. del Primat Reig, 39, Rascanya, 46019 València, Valencia, España","117","ChIJ2YkWQwFGYA0R6e1A6OsKnfg"
"Taller de reparación de automóviles",,"TALLERES GRUPO MONTERO | Electromecánica",,,"C/ del Comte de Lumiares, 26, Rascanya, 46019 València, Valencia, España","76","ChIJq6orKAZGYA0RAdc_ykk5Jmk"
"Contratista de aire acondicionado","https://rfcreformas.es/","RFC | Reformas Integrales en Valencia",,,"Carrer de la Ciutat de Mula, 14, Pta 12, El Llano del Real, 46021 València, Valencia, España","19","ChIJl2crzNtJYA0Rc2YGdtfKi2Y"
"Taller de reparación de automóviles","http://www.to-gar.com/","Talleres To-Gar, S.L.",,,"Pl. del Poeta Salvador Rueda, 7, Campanar, 46009 València, Valencia, España","124","ChIJ6ZSXD_ZFYA0RC1IbV3Moh6Y"
"Taller de reparación de automóviles",,"Talleres Ando",,,"Carrer d'Agustín Lara, 11, Rascanya, 46019 València, Valencia, España","18","ChIJPUelWQZGYA0RjlhqZmgriuU"
"Servicio de reparación de aire acondicionado","http://www.autolavadosprimado.es/","TALLER PRIMADO",,,"Carrer de la Guàrdia Civil, Benimaclet, 46020 València, Valencia, España","8","ChIJ5dSTDApJYA0R7se4JBNmdnI"
"Taller de reparación de automóviles","https://anctaller.es/","Bosch Car Service - Automocion Nou Campanar",,,"Eric Valor I Vives, Av. del Mestre Rodrigo, 37, Campanar, 46015 València, Valencia, España","124","ChIJ0_4xd2RPYA0RSZZ9PvnNfPQ"
"Taller de reparación de automóviles",,"TALLER BZ",,,"C/ de Màlaga, 11, La Saïdia, 46009 València, Valencia, España","16","ChIJW7rq2LRPYA0RyzmbzJwf9iA"
"Taller mecánico",,"HELVETIA MOTOR",,,"Plaça del Músic Espí, 11, bajo, Rascaña, 46019 València, Valencia, España","20","ChIJudrPDAhGYA0R94TByctZmgg"
"Taller de reparación de automóviles",,"Cga Car Service Autos Febomar S.L.",,,"Carrer d'Emili Panach i Ramos ""Milo"", s/n, Benimaclet, 46020 València, Valencia, España","19","ChIJXfyc0KFIYA0Rj0n96Bn8-Y0"
"Taller de reparación de automóviles","http://www.talleresyuricar.com/","Talleres YuriCar Valencia",,,"Avinguda de la Constitució, 128, La Saïdia, 46009 València, Valencia, España","187","ChIJLWGfPf5FYA0R7vZnBUEretE"
"Taller de reparación de automóviles","https://talleresautopower.com/","Taller Mecánico Autopower",,,"Carrer de Portaceli, 27, Rascanya, 46019 Rascaña, Valencia, España","109","ChIJkVQmmZNJYA0RIx0HLr7L-vc"
"Taller de reparación de automóviles",,"Talleres Serpis",,,"C/ del Serpis, 11, Algirós, 46021 València, Valencia, España","58","ChIJH8S1YppIYA0Rs2EpA_1UQGw"
"Compañía del gas","https://citaprevia.endesa.es/citaprevia/?codOficina=XVA051&gmb=XVA051%3Apuntoe%3Aowm%3Aeees%3Acap%3Aeng%3Ana%3Aorg%3Aropo%3Ana%3Ana%3Avalencia%3Actl%3Ana%3Ana%3Acitaprevia%3Ana%3Ana%3Ana%3Ana%3A%3Amtd%3A%3A%3A%3A","Oficina Endesa Intecas De Gas",,,"Carrer del Dr. Peset Cervera, 19, Bajo, Extramurs, 46008 València, Valencia, España","214","ChIJHzvS4ERPYA0ReAQEKX5W-TI"
"Taller de reparación de automóviles","https://www.midas.es/talleres-coche-moto-midas/comunidad-valenciana/valencia/valencia/valenciacalle-maestro-rodrigo_3631","Midas VALENCIA/Calle Maestro Rodrigo",,,"Av. del Mestre Rodrigo, 37, Campanar, 46015 València, Valencia, España","353","ChIJn8gZdmRPYA0RM1Ud6eEt1VE"
"Taller de reparación de automóviles",,"Taller 804",,,"Carrer de la Ciutat de Mula, 21, Bajo, El Llano del Real, 46021 València, Valencia, España","105","ChIJS52iDJdIYA0Rt6x5Rkdk2Rg"
"Taller de automóviles","http://www.instagram.com/talleresbenicalap","Talleres Benicalap",,,"C/ de José Grollo, 117, Benicalap, 46025 València, Valencia, España","231","ChIJtdAD1PJFYA0RWayDkki97jI"
"Contratista de aire acondicionado",,"Laura Ramos Pardo",,,"Carrer de la Rbla., 12, Benimaclet, 46020 València, Valencia, España",,"ChIJTaoOSR5GYA0Rw5jPiw3xgsY"
"Departamento","https://valencia.blue/listing/en/607148","Auténtico Central Encantador/Wifi/Aire Acondicionado",,,"Ciutat Vella, 46001 Valencia, España",,"ChIJLzvsLE5PYA0RWFu623o-lsA"
"Tienda aire acondicionado","https://www.milar.es/tiendas/milar-munoz.html?utm_source=G&utm_medium=&utm_campaign=google-local","Milar Muñoz",,,"Carrer de Enrique Navarro, 28, Benimaclet, 46020 València, Valencia, España","265","ChIJC6zbX6BIYA0RrYpjtxtJxDg"
"Tienda aire acondicionado","https://www.milar.es/tiendas/milar-ramon-llosa-valencia.html?utm_source=G&utm_medium=&utm_campaign=google-local","Milar Ramón Llosá Muebles de Cocina",,,"Carrer del Cronista Almela i Vives, 2, El Pla del Real, 46010 València, Valencia, España","110","ChIJofT9nKJIYA0RZn00An_biCA"
"Servicio de antenas","http://hiperantena.com/","Hiper Antena Valencia",,,"C/ de Vicent Canet, 1, Benicalap, 46025 València, Valencia, España","60","ChIJgYG1cAhGYA0RZAmxYhaSPSs"
"Departamento","https://irpropertymanagement.holidayfuture.com/listings/558339?googleVR=1&utm_source=google&utm_medium=vacation_rentals","Loft Luminoso | Adaptado | Smart TV | Aire acondicionado | 2 personas",,,"Rascaña, 46019 Valencia, España","4","ChIJHxcbYf1FYA0Rg1TwuvxWL1Q"
"Contratista de aire acondicionado","http://www.saneamientosorts.com/","Saneamientos Orts Showroom",,,"Avinguda de la Constitució, 30, La Saïdia, 46009 València, Valencia, España","290","ChIJJbRZ8lVPYA0RLVh6W8WhNo0"
"Departamento","https://www.holidu.de/d/55302806?ref_source=google_vr&utm_source=google_vr_holidu","Apartamento 'Cristina Center' con balcón, Wi-Fi y aire acondicionado",,,"La Zaidía, 46009 Valencia, España","6","ChIJh-HItgFGYA0R9NZ6IdDztfo"
"Taller de reparación de automóviles",,"Ohanna | Taller Mecánico",,,"Av. del Primat Reig, 27, Rascanya, 46019 València, Valencia, España","48","ChIJeVMmMdRHYA0RgA-g2-8ZRls"
"Taller de reparación de automóviles",,"Talleres Epamotor",,,"Carrer del Doctor Machí, 2, La Saïdia, 46009 València, Valencia, España","31","ChIJXdsGdlhPYA0Rq9tsNzmTBK0"
"Taller de reparación de automóviles",,"Taller Álvarez",,,"Avinguda de Campanar, 120, Campanar, 46015 València, Valencia, España","35","ChIJ0ahccWdPYA0RrN2TjR_EX_4"
"Taller de automóviles","https://www.quadis.es/","Taller Oficial Ferrari | QUADIS Gallery",,,"Av. del Mestre Rodrigo, 50, A, Campanar, 46035 València, Valencia, España","2","ChIJB2DOX5VFYA0Ry9QyIbYEbE0"
"Tienda de móviles","https://tiendasneksus.es/tiendas/neksus-calle-emilio-baro-38-valencia","Neksus: Telefonía y móviles",,,"Carrer d'Emili Baró, 38, Benimaclet, 46020 València, Valencia, España","426","ChIJ_0hEtkJHYA0REfzGTqA-kxE"
"Taller de reparación de automóviles","https://cubesa.blogspot.com/","Talleres Checar",,,"Av. de Burjassot, 257, Benicalap, 46015 València, Valencia, España","44","ChIJI2KXmo1FYA0RlknJhDOGLoA"
"Taller mecánico",,"Talleres Ohanna 2",,,"Carrer de Sant Vicent de Paül, 29, bajo, Rascaña, 46019 València, Valencia, España","9","ChIJJWvLwWRHYA0Rz0rVVapjXpQ"
"Servicio de reparación de aire acondicionado","https://www.electricistavalencia.com/servicios/aire-acondicionado","INSTALADOR AIRE ACONDICIONADO",,,,,"ChIJQc7-2PxFYA0RHd6l7vovdX8"
"Taller mecánico","https://cubesa.blogspot.com/","Talleres Santiago Automoción",,,"C. dels Plàtans, 32, Benicalap, 46025 València, Valencia, España","84","ChIJJVaCW_FFYA0RgQ9ijOwnREE"
"Taller de reparación de automóviles","https://www.eurotaller.com/taller/1328/talleres-jovima","Taller Coches Jovima Instalación GLP Valencia",,,"C/ de Cavite, 183, B Dcha, Poblados Marítimos, 46011 València, Valencia, España","136","ChIJb5ILmHdIYA0RT_rEgbbe1vc"
"Taller de reparación de automóviles","http://www.pinauto.net/","PINAUTO",,,"Carrer de Marcel·lí Giner, 10, Benimaclet, 46020 València, Valencia, España","369","ChIJTcQU_p9IYA0RgBqR0B34F5o"
"Taller de reparación de automóviles","https://autoya.es/?utm_source=googlemaps&utm_medium=organic&utm_campaign=gbp&utm_content=peset","AUTOYA – Taller mecánico Peset Aleixandre",,,"Av. del Dr. Peset Aleixandre, 49, La Saïdia, 46009 València, Valencia, España","209","ChIJf80m1f1FYA0ROn536Ku29VY"
"Tienda de electrónica","https://www.mediamarkt.es/?utm_source=google-places&utm_medium=seo-places-link&utm_campaign=rt_google-places_consideration_nsp_968_extended-network","MediaMarkt",,,"Av. de les Corts Valencianes, 35, Campanar, 46015 València, Valencia, España","8841","ChIJ1y8VJYlFYA0RzDv5m09rGkE"
"Taller de reparación de automóviles",,"Taller tajo",,,"C/ del Riu Tajo, 28, Poblats Marítims, 46011 València, Valencia, España","40","ChIJO14VxHpIYA0RCzxI1eh93hY"
"Servicio de lavado de coches","http://autobanataller.com/","lavadero de coches y taller de mecánica - AutoBana",,,"Av. del Dr. Peset Aleixandre, 127, La Saïdia, 46009 València, Valencia, España","139","ChIJq2Sy3UpFYA0RHf54_sgH6Cs"
"Taller de chapa y pintura","http://www.talleresapariciovalencia.es/","Talleres Fco.Jose Chiquero| Taller Chapa y Pintura",,,"C de Sant Domènec Savio, 71, Rascanya, 46019 València, Valencia, España","123","ChIJAfHjFnJGYA0Rw5GJLl8e2Rg"
"Taller de reparación de automóviles",,"Neumáticos Daniel Marín",,,"Avinguda de la Constitució, 2, y 6, La Zaidía, 46009 València, Valencia, España","122","ChIJOWmdzlVPYA0R_tN8aiAjuzI"
"Alojamiento","https://www.holidu.de/d/61166790?ref_source=google_vr&utm_source=google_vr_holidu","Apartamento 'Torres De Quart Tu Casa' con balcón, Wi-Fi y aire acondicionado",,,"Extramurs, 46008 Valencia, España",,"ChIJy-VZW0VPYA0Rsflc9wpVKHU"
"Alojamiento","https://www.holidu.de/d/65888708?ref_source=google_vr&utm_source=google_vr_holidu","Apartamento 'Mestalla Flats Rut' con terraza privada, Wi-Fi y aire acondicionado",,,"El Llano del Real, 46010 Valencia, España",,"ChIJ_3uYnKJIYA0RGIK6wC1BDng"
"Alojamiento","https://www.holidu.de/d/56542424?ref_source=google_vr&utm_source=google_vr_eb","Apartamento estudio '2º In The Old Center' con balcón, Wi-Fi y aire acondicionado.",,,"Ciutat Vella, 46003 Valencia, España",,"ChIJgYAJW1FPYA0R6SJkPFzLVA8"
"Alojamiento","https://br.bluepillow.com/search/67a4b7d3064d51dcdc8dee14?dest=bpex&cat=Apartment&lat=39.47977&lng=-0.37999&language=pt","Apartamento estudio 'Loft 1º con Azotea' con balcón, Wi-Fi y aire acondicionado",,,"Ciutat Vella, 46003 Valencia, España",,"ChIJs0IKW1FPYA0Rm-7HIMmxORA"
"Alojamiento",,"Estudio 'Loft 1º con Terraza en la Azotea' con Wi-Fi y Aire Acondicionado",,,"Ciutat Vella, 46003 Valencia, España",,"ChIJgYAJW1FPYA0RbD4UHYVv8Kw"
"Servicio de reparación de aire acondicionado","https://g.co/kgs/zVTuCFw","Electrofiel | Servicio Técnico",,,"C de Sant Domènec Savio, 79, Rascanya, 46019 València, Valencia, España","226","ChIJk7tLRMhFYA0RqdBgWNABGpQ"
"Taller de reparación de automóviles","http://www.autofecar.com/","AUTOFECAR S.L.U.",,,"C/ del Pare Urbano, 10, La Saïdia, 46009 València, Valencia, España","99","ChIJI1ELjgBGYA0RSKe1QxkZ-JQ"
"Contratista de aire acondicionado","https://electricistasvalencia.eu/","Electricidad Gallardo",,,"Carrer del Navili, 5, Campanar, 46009 València, Valencia, España","258","ChIJNyrgfVhPYA0RH1QZdVElrYU"
"Taller de automóviles",,"AUTOBRILLO S.L.",,,"C/ de José Grollo, 40, BJ, Benicalap, 46025 València, Valencia, España","71","ChIJUZ1fHPNFYA0RU0DvU4htS3M"
"Taller de automóviles","https://wa.link/l5gk59","Taller mecanico | Reprogramacion Centralitas | Cesar Argarañaz",,,"C/ de Reus, 4, La Saïdia, 46009 València, Valencia, España","6","ChIJkQ5MShxPYA0RX44GV_iiMxc"
"Taller de reparación de automóviles","http://www.tallerescristobal.com/","Talleres Cristóbal S.L.",,,"C/ de Polo y Peyrolón, 46, El Pla del Real, 46021 València, Valencia, España","8","ChIJ546-hJdIYA0RkC22PSwF_gQ"
"Taller de automóviles",,"Taller Vidauto",,,"Carrer de l'Arquitecte Rodríguez, 21, Rascanya, 46019 València, Valencia, España","33","ChIJgQVKbuNHYA0RoXTo05jHZGs"
"Taller de chapa y pintura","https://talleresapariciovalencia.es/","Talleres Aparicio autochiquero | Valencia Taller de mecánica rápida | Chapa y pintura.",,,"C/ Sant Josep, 42, 46016 Tavernes Blanques, Valencia, España","370","ChIJtX0Vv-JFYA0RurJwzwbIPxY"
"Taller de automóviles","https://toldim.com/","TolDim Taller",,,"Av. del Mestre Rodrigo, 42, bajo, Campanar, 46015 València, Valencia, España","130","ChIJDYoOumJPYA0RXx1Ta_ao0Ao"
"Taller de reparación de automóviles","https://cubesa.blogspot.com/","Talleres Tatay",,,"Carrer del Monestir de Poblet, 4, Campanar, 46015 València, Valencia, España","69","ChIJ__DgZPVFYA0R80_o_A70qJA"
"Taller de reparación de automóviles",,"Mecánica general, chapa y pintura Talleres Paul",,,"Carrer de Sant Vicent de Paül, 23, Rascanya, 46019 València, Valencia, España","3","ChIJ9xWGAwRGYA0Rg0Fqge7sERw"
"Taller de reparación de automóviles",,"Talleres León",,,"C. Arzobispo Fabian i Fuero, 33, La Zaidía, 46009 València, Valencia, España","78","ChIJk799oVdPYA0RLKnBuwkB8_o"
"Taller de reparación de automóviles","https://autoya.es/?utm_source=googlemaps&utm_medium=organic&utm_campaign=gbp&utm_content=oloriz","AUTOYA – Taller mecánico Doctor Olóriz",,,"C/ del Doctor Olóriz, 3, La Saïdia, 46009 València, Valencia, España","146","ChIJs4NxYVZPYA0ReFCHiDrfcvo"
"Taller de reparación de automóviles",,"Furgotur Diesel",,,"Carrer d'Alegret, 13, Benimaclet, 46020 València, Valencia, España","14","ChIJlcb9NB5GYA0RkcRf-XEX1pw"
"Taller de reparación de automóviles","http://www.cgacarservice.com/","Talleres Azarauto",,,"Carrer de González Martí, 5, Extramurs, 46008 València, Valencia, España","131","ChIJN6awmUJPYA0Rqy04HjAil4k"
"Taller de reparación de automóviles",,"Talleres Pons y Polo",,,"Camí de Montcada, 205, Pobles del Nord, 46025 València, Valencia, España","65","ChIJQfbjMuZFYA0RAFZhlgOdcp8"
"Taller de reparación de automóviles",,"Talleres Villena Automoción",,,"Av. de Burjassot, 251, Benicalap, 46015 València, Valencia, España","37","ChIJxYXfm41FYA0RpPNy37ENVO8"
"Taller de reparación de automóviles","http://www.arvamotor.com/","TALLERES ARVAMOTOR",,,"C. de Marie Curie (Científica), 13, La Saïdia, 46009 València, Valencia, España","32","ChIJn4s1Yv5FYA0RxPzLfs00vK0"
"Taller mecánico",,"Bolauto",,,"C/ de Masquefa, 43, Benimaclet, 46020 València, Valencia, España","144","ChIJQyCD2x5GYA0Rt8rs_Bgbzp4"
"Electricista","https://www.facebook.com/profile.php?id=100083338956967","INSTALACIÓNES ELÉCTRICAS AEG",,,"C/ de la Democràcia, 5 631 07, 44 88, L'Olivereta, 46018 València, Valencia, España","114","ChIJUZ61cAVPYA0Re4zd8jAuYb8"
"Electricista",,"Carbonell Instaladores Eléctricos",,,"C/ del Pintor Matarana, 17, bajo 2, Benicalap, 46025 València, Valencia, España","14","ChIJOSpIY31BYA0Ro9hn_9o43bs"
"Electricista","http://www.cosmat.es/","Electrotecnia cosmat s.l",,,"Carrer de Miguel Galan Mestre, 8, Benicalap, 46025 València, Valencia, España","11","ChIJGcgyYbVFYA0Rree0i4jhvNw"
"Empresa de climatización",,"CLIMA&SERVICIOS",,,"Carrer del Literat Azorín, 41, L'Eixample, 46005 València, Valencia, España","8","ChIJCyAVMYFJYA0R7Ya65jYqh9w"
"Contratista de aire acondicionado","http://www.airfutur.com/","Airfutur",,,"C. Juan Ramón Jiménez, 61, Bajo, Quatre Carreres, 46026 València, Valencia, España","48","ChIJiTEqmYdfcEARt1ILTQSPRos"
"Contratista de aire acondicionado","https://naper.pro/","Naper Climatización",,,"C. de Crevillent, 6, Algirós, 46022 València, Valencia, España","105","ChIJk9wY_AJJYA0Rtty_STBSfRk"
"Contratista de aire acondicionado","https://www.aircovalvalencia.es/","Aircoval",,,"C/ del Duc de Gaeta, 56, Camins al Grau, 46022 València, Valencia, España","84","ChIJ4wT9GPNJYA0RKYAyJuywMYI"
"Contratista de aire acondicionado",,"CMR",,,"Carrer d'Ángel Villena, 10, Bajo, Quatre Carreres, 46013 València, Valencia, España","1","ChIJSUZuYZtJYA0RJ3584646khQ"
"Servicio de reparación de aire acondicionado","http://www.recambiosgia.com/","Gia Frío",,,"DIPUTADO ISIDRO ESCANDELL, 2, Ciutat Vella, 46026 València, Valencia, España","13","ChIJ4ZAxMDdGYA0RKaKaq8pEGqQ"
"Empresa de climatización",,"JC Climatización",,,"Carrer de Joan Baptista Perales, 18, B, Camins al Grau, 46022 València, Valencia, España","3","ChIJYyD7oQ1JYA0RMCPpF02jFUs"
"Empresa de climatización","https://articrefrigeracio.es/","Artic Refrigeració - Cámaras frigoríficas y aire acondicionado",,,"C/ de Llorenç Salom, 5, Jesús, 46007 València, Valencia, España","81","ChIJJWzdUNRPYA0RaC3sPcT2I2c"
"Empresa de climatización","https://climax360.es/","CLIMAX 360º",,,"Calle de Joaquín Benlloch, 33, Valencia, España 3, 46006 València, Valencia, España","12","ChIJhee8ukIW-oQRtlexWiwRZTc"
"Contratista de aire acondicionado",,"Trane Aire Acondicionado",,,"C. Esparraguera, Quatre Carreres, 46026 València, Valencia, España","1","ChIJ5w-jeixPYA0RBovfQ69vECI"
"Contratista de aire acondicionado","http://climacoolvalencia.com/","Clima Cool",,,"Camí d'Alabau, 12, Pobles del Sud, 46026 València, Valencia, España","17","ChIJy5jhNs1OYA0RPIzHB7i34c4"
"Tienda de electrodomésticos","https://www.mielectro.es/","Mi Electro - Mateo Sánchez",,,"Av. de Burjassot, 200, Benicalap, 46025 València, Valencia, España","410","ChIJn2fV1oxFYA0RRuWcC2iBX-8"
"Servicio de instalación eléctrica",,"urgencias instalaciones eléctricas.d",,,"Av. de Blasco Ibáñez, 95, Algirós, 46022 València, Valencia, España","7","ChIJI6XPwb1JYA0R2b07ZO09AwM"
"Carpintería metálica y de aluminio","http://www.redsolutions.es/","Red Solutions Redes De Protecciones",,,"C/ d'Alboraia, 42, La Saïdia, 46010 València, Valencia, España","59","ChIJ27PCfalIYA0Rj2OHSAeO5sI"
"Servicio de instalación de ventanas","https://hoco.es/ventanas-pvc-en-valencia/","Hoco Estudio Valencia",,,"C/ de la Vall de la Ballestera, 26, Campanar, 46015 València, Valencia, España","116","ChIJxRRN1mZPYA0Rj2RCP0IK7wE"
"Servicio de seguridad","http://zinak.es/","Zinak",,,"C. del Pare Ferrís, 12, Pta 6, Campanar, 46009 València, Valencia, España","27","ChIJA9UJZhhFYA0RoohNdY9XsLE"
"Tienda aire acondicionado","https://www.clival-sl.com/","Clival S.L.",,,"Carrer del Pintor Gisbert, 21, L'Eixample, 46004 València, Valencia, España","8","ChIJM4Eqq59PYA0RuKvjusr91NI"
"Contratista de aire acondicionado","http://www.climajover.com/","Clima Jover",,,"Camí Nou de Picanya, 43, Bajo, Patraix, 46014 València, Valencia, España","32","ChIJlyateA9PYA0RZwKolGazosw"
"Contratista de aire acondicionado","http://www.tecnoair.es/","TECNOAIR",,,"C.de Montesa, 40, Patraix, 46017 València, Valencia, España","17","ChIJ7w6lVz1PYA0R0a3U68AvWFE"
"Contratista de aire acondicionado","http://www.climallum.es/","ClimallumValencia",,,"Carrer del Baró de Patraix, 19, bajo izquierda, Patraix, 46018 València, Valencia, España","8","ChIJu5dCKYRPYA0RzRhPRLx5ukg"
"Contratista de aire acondicionado","https://arimaxclimatizacion.es/","Arimax Climatización",,,"C. de l'Arquitecte Segura de Lago, 34, Patraix, 46014 València, Valencia, España","54","ChIJZcX53UtPYA0Rmkm6KJlsles"
"Proveedor de sistemas de aire acondicionado",,"TurisFons",,,"C/ del 3 d'Abril de 1979, Camins al Grau, 46023 València, Valencia, España","3","ChIJ0Rb3nQZJYA0RtOsOGzeQO6M"
"Empresa de climatización","https://reparacioncalderasvalencia.eu/","Reparación Caldera Valencia",,,"C. del Duque de Calabria, 13, Ensanche, 46005 València, Valencia, España","39","ChIJC3DeL6BJYA0RjiT-q_Ps5Z8"
"Empresa de climatización","https://friconter.es/","Friconter Valencia",,,"C. de Xiva, 19, Patraix, 46018 València, Valencia, España","13","ChIJibDK6mBPYA0RyS-pPhvHoKI"
"Contratista de aire acondicionado",,"climatizaciones moreno - aire acondicionado",,,"C/ de Pius XI, 13, Patraix, 46007 València, Valencia, España",,"ChIJoQ2O7z1PYA0RR6TYYX-Ho4Q"
"Contratista de aire acondicionado",,"Iberotecnica del Clima SL",,,"C. d'Olimpia Arozena Torres, 32, L'Olivereta, 46018 València, Valencia, España","13","ChIJdy8OfGlPYA0RIygInZBfqXI"
"Contratista de aire acondicionado",,"Climatización Electro - Vima Refrigeración",,,"Carrer del Mestre Valls, 39, Camins al Grau, 46022 València, Valencia, España","9","ChIJG4ZyaYtIYA0R0cr4qip3l5I"
"Contratista de aire acondicionado","http://grimaldosclimatizacion.es/","Antonio Grimaldos S.L.",,,"C/ de Montitxelvo, 13, Quatre Carreres, 46006 València, Valencia, España","41","ChIJ8fX2ns9IYA0RPxYguywU9CA"
"Contratista de aire acondicionado",,"Acval Clima",,,"Av. del Primer de Maig, 22, Jesús, 46017 València, Valencia, España","3","ChIJc7uQoyZPYA0RNKDAe6KLKeE"
"Contratista de aire acondicionado","http://www.vilfer.es/","Vilfer",,,"Carrer de Sant Jacint Castanyeda, 19, Quatre Carreres, 46006 València, Valencia, España","13","ChIJ36XPMsRIYA0RvxhNjQz_PmY"
"Servicio de reparación de aire acondicionado",,"Técnico electricista y aires acondicionados Eder",,,"Carrer del Poeta Mas i Ros, 5, Algirós, 46021 València, Valencia, España",,"ChIJ2xNMyi17aKgRsu6B7SOSpFE"
"Tienda aire acondicionado","https://tiendas.mielectro.es/","Mi Electro - Vicente Noverges",,,"C. del Mestre Aguilar, 14, L'Eixample, 46006 València, Valencia, España","224","ChIJ6WreWMlIYA0R3hDiTV1ma1A"
"Empresa de climatización",,"Electroclima González, S.L.",,,"C/ de Pere III el Gran, 19, L'Eixample, 46005 València, Valencia, España","4","ChIJlVUVtltJYA0ReoPzTE5F2TE"
"Contratista de aire acondicionado","https://vabby.es/","Vabby",,,"C/ de les Barques, 2, 2nd floor, Ciutat Vella, 46002 València, Valencia, España","4","ChIJmeHTm73JWKERHshb-2nlgDM"
"Servicio de reparación de aire acondicionado","https://serviciodereparacion.es/servicio-tecnico-mitsubishi-electric-valencia/","Servicio Técnico Mitsubishi Valencia - G&E",,,"Carrer de Joaquín Benlloch, 65, bajo, Quatre Carreres, 46026 València, Valencia, España","54","ChIJH0cM_UBJYA0RqPZEFR250IM"
"Tienda aire acondicionado","https://www.pascualmarti.es/tiendas/tienda-calle-cuenca/","Pascual Martí, Valencia",,,"C/ de Conca, 82 y 84, Patraix, 46007 València, Valencia, España","1438","ChIJD3AHyzhPYA0RwXM7v7qfrYE"
"Empresa de climatización",,"Innova Climate Services ICS",,,"Calle José, C. de Juan Reus Parra, 8, Poblados del Sur, 46017 València, Valencia, España","12","ChIJhfaktnlPYA0R6GLbjU9HUHI"
"Contratista de aire acondicionado","http://www.humifred.com/","Humifred Santacreu, S.L",,,"Pl. del Perú, 3, Quatre Carreres, 46026 València, Valencia, España","16","ChIJAd5vcStPYA0RC_CFUmdFLHY"
"Servicio de reparación de aire acondicionado",,"Kide",,,"Av. del Doctor Tomàs Sala, 49, Jesús, 46017 València, Valencia, España","1","ChIJD2fwOiFPYA0Rhh0XaUDSr-Y"
,,"Servicio técnico de aire acondicionado Baxi Samsung",,,"Carrer de Sant Vicent Màrtir, 85, Extramurs, 46007 València, Valencia, España",,"ChIJEeduOgBPYA0RBO5w8bVKQ7Y"
"Empresa de climatización",,"Climatizacion Patraix Caldera y aire acondicionado",,,"Carrer del Baró de Patraix, 16, Patraix, 46018 València, Valencia, España","1","ChIJv5Bed-ZPYA0RpxdpzLUZeYg"
"Cámara","https://br.bluepillow.com/search/62de8878de4e4eebed121eaf?dest=ago&cat=Vacation+rental+(other)&lat=39.4545&lng=-0.38657&language=pt","Piso recien reformado con aire acondicionado",,,"Jesús, 46007 Valencia, España",,"ChIJVaYSKiVPYA0Rbe-wnYH7xY4"
"Contratista de aire acondicionado","https://www.reparacionesvalencia.com.es/Mitsubishi.html","Reparacion aire acondicionado Valencia unida",,,"Av. d'Ausiàs March, 14D, Quatre Carreres, 46004 València, Valencia, España","4","ChIJS87mDthPYA0RauaQsrIBNfQ"
"Gimnasio","https://www.basic-fit.com/es-es/clubs/basic-fit-valencia-plaza-de-fray-luis-colomer-d0a886a93b8542d8ba7656d1f0f27ba5.html?utm_medium=yext&utm_source=gmb","Basic-Fit",,,"Plaça de Fra Lluís Colomer, 4, Algirós, 46021 València, Valencia, España","867","ChIJjcTt2x9JYA0Ro51ybw-Xsnc"
"Compañía eléctrica","http://www.electricidadcheca.com/","Electricidad Checa",,,"C/ dels Germans Villalonga, 3, Benimaclet, 46020 València, Valencia, España","42","ChIJ432MS6BIYA0Rs48zIAgwj4w"
"Club de natación","https://clubvalencianodenatacion.es/","Club Valenciano de Natación",,,"Camino Viejo de Carpesa a Moncada, sn, 46025 València, Valencia, España","690","ChIJd1N0AtlFYA0RG3B3bYFnN7s"
"Gimnasio","http://www.okinawa.es/","Gimnasio Deportivo Okinawa Valencia",,,"C. del Pare Ferrís, 28, Campanar, 46009 València, Valencia, España","277","ChIJDTpRDVhPYA0RY9xAWqjVb4I"
"Centro deportivo","http://www.crossfitvlc.com/","VLC Fitness",,,"Av. del Mestre Rodrigo, 97, Campanar, 46015 València, Valencia, España","353","ChIJRwWdF3tPYA0RWm4O0WODKvU"
"Gimnasio","http://fitnesspark.es/club/valencia-nou-mestalla/?utm_source=GMB&utm_medium=organic","Fitness Park Valencia - Nou Mestalla",,,"C. del Doctor Nicasi Benlloch, 29, Benicalap, 46015 València, Valencia, España","299","ChIJK_5AITVFYA0RILG3OpDdudg"
"Empresa de escayolas","http://escayolasypladurpardo.com/","Escayolas Y Pladur Pardo",,,"Carrer del Garbí, 19, BAJO, Benicalap, 46015 València, Valencia, España","134","ChIJwQXGUZpPYA0RSzYi2n6hoBQ"
"Gimnasio","https://www.vivagym.com/es-es/gimnasios/valencia/capital/pio-xii/?utm_campaign=250922_es_gmb_conversion_generic_pio-xii&utm_medium=organic&utm_source=gmb","Gimnasio VivaGym Pio XII",,,"Plaça del Pare Domènech, 5, Campanar, 46009 València, Valencia, España","398","ChIJa3W65V1PYA0RVXuEpJsCQMs"
"Proveedor de ventanas PVC","https://www.cerramientos-valencia.com/es/","Cerramientos Monteval",,,"Avinguda del Cardenal Benlloch, 104, Bajo Derecha, Algirós, 46021 València, Valencia, España","30","ChIJU66SxY9IYA0R9Inh8NqSrK8"
"Polideportivo","http://www.fdmvalencia.es/es/instalaciones/poliesportiu-el-carmen-2/","Polideportivo El Carmen | Piscina - Gimnasio",,,"Carrer del Dr. Chiarri, 7, Ciutat Vella, 46003 València, Valencia, España","435","ChIJuwINbFFPYA0RcOA4sVZpjTE"
"Empresa de climatización","https://climasolucionesvalencia.com/","CLIMA SOLUCIONES VALENCIA S.L",,,"C/ de la Fonteta de Sant Lluís, 45, bajo, Quatre Carreres, 46006 València, Valencia, España","34","ChIJ-XcAjZ5JYA0ROBX7nxQQqvM"
"Empresa de climatización","https://www.salvadorescoda.com/","SALVADOR ESCODA",,,"Carrer Rio Eresma, s/n, Quatre Carreres, 46026 València, Valencia, España","166","ChIJs9DvkStPYA0R93MONBBGTO8"
"Empresa de climatización","https://extraccionesturia.com/","Extracciones Turia",,,"Carrer de l'Humanista Furió, 35, Algirós, 46022 València, Valencia, España",,"ChIJAzhFY2tJYA0RlzfF4xiVe94"
"Departamento",,"RUZAFA CENTRO AIRE ACONDICIONADO WiFi",,,"Ensanche, 46006 Valencia, España","16","ChIJEwTW2stIYA0RS7l8SHG9rgI"
"Contratista de aire acondicionado",,"Servicio técnico Baxi Samsung aire acondicionado",,,"Carrer de Sant Vicent Màrtir, 85, Extramurs, 46007 València, Valencia, España","9","ChIJ6wrvmklPYA0ROU8MyBM5JYI"
"Empresa de aislamientos","http://www.camarasfrigorificas.es/","Cámaras Frigoríficas Valencia - Isotermia",,,"Carrer del Mestre Valls, 39, Camins al Grau, 46022 València, Valencia, España","2","ChIJyYhcaYtIYA0RR88iJHLgFgw"
"Taller de reparación de automóviles","http://www.boschvilata.com/","Aire acond coche VILATA S.L.",,,"C/ dels Sants Just i Pastor, 17, Algirós, 46021 València, Valencia, España","306","ChIJibvXVZFIYA0RpgEoi9vo4Lw"
"Empresa de climatización","http://bon-confort.com/","Bon Confort",,,"C/ d'Isaac Peral, 11, Poblats Marítims, 46024 València, Valencia, España","5","ChIJG8Ev2vVIYA0RxPMuORsfwl8"
"Reformas","http://www.agullofelix.es/","agullófélix | ejecución de obra",,,"C/ de Maximilià Thous, 4D, La Saïdia, 46009 València, Valencia, España","54","ChIJAywqXgdGYA0RU9eYXe9Lr4Q"
"Empresa de climatización","https://frioycaliente.es/","Frio y Caliente: Tienda de Climatización",,,"Carrer de Ramiro de Maeztu, 42, Camins al Grau, 46022 València, Valencia, España","2","ChIJE7SIDEcgl4URHk_W8aUxGI0"
